accuracy_fn,loss,K,epoch
0.0,1.7023367881774902,1,1
0.0,1.7023367881774902,1,2
0.0,1.7023367881774902,1,3
0.0,1.7023367881774902,1,4
0.0,1.7023367881774902,1,5
0.0,1.7023367881774902,1,6
0.0,1.7023367881774902,1,7
0.0,1.7023367881774902,1,8
0.0,1.7023367881774902,1,9
0.0,1.7023367881774902,1,10
0.0,1.7023367881774902,1,11
0.0,1.7023367881774902,1,12
0.0,1.7023367881774902,1,13
0.0,1.7023367881774902,1,14
0.0,1.7023367881774902,1,15
0.0,1.7023367881774902,1,16
0.0,1.7023367881774902,1,17
0.0,1.7023367881774902,1,18
0.0,1.7023367881774902,1,19
0.0,1.7023367881774902,1,20
0.0,1.7023367881774902,1,21
0.0,1.7023367881774902,1,22
0.0,1.7023367881774902,1,23
0.0,1.7023367881774902,1,24
0.0,1.7023367881774902,1,25
0.0,1.7023367881774902,1,26
0.0,1.7023367881774902,1,27
0.0,1.7023367881774902,1,28
0.0,1.7023367881774902,1,29
0.0,1.7023367881774902,1,30
0.0,1.7023367881774902,1,31
0.0,1.7023367881774902,1,32
0.0,1.7023367881774902,1,33
0.0,1.7023367881774902,1,34
0.0,1.7023367881774902,1,35
0.0,1.7023367881774902,1,36
0.0,1.7023367881774902,1,37
0.0,1.7023367881774902,1,38
0.0,1.7023367881774902,1,39
0.0,1.7023367881774902,1,40
0.0,1.7023367881774902,1,41
0.0,1.7023367881774902,1,42
0.0,1.7023367881774902,1,43
0.0,1.7023367881774902,1,44
0.0,1.7023367881774902,1,45
0.0,1.7023367881774902,1,46
0.0,1.7023367881774902,1,47
0.0,1.7023367881774902,1,48
0.0,1.7023367881774902,1,49
0.0,1.7023367881774902,1,50
0.0,1.7023367881774902,1,51
0.0,1.7023367881774902,1,52
0.0,1.7023367881774902,1,53
0.0,1.7023367881774902,1,54
0.0,1.7023367881774902,1,55
0.0,1.7023367881774902,1,56
0.0,1.7023367881774902,1,57
0.0,1.7023367881774902,1,58
0.0,1.7023367881774902,1,59
0.0,1.7023367881774902,1,60
0.0,1.7023367881774902,1,61
0.0,1.7023367881774902,1,62
0.0,1.7023367881774902,1,63
0.0,1.7023367881774902,1,64
0.0,1.7023367881774902,1,65
0.0,1.7023367881774902,1,66
0.0,1.7023367881774902,1,67
0.0,1.7023367881774902,1,68
0.0,1.7023367881774902,1,69
0.0,1.7023367881774902,1,70
0.0,1.7023367881774902,1,71
0.0,1.7023367881774902,1,72
0.0,1.7023367881774902,1,73
0.0,1.7023367881774902,1,74
0.0,1.7023367881774902,1,75
0.0,1.7023367881774902,1,76
0.0,1.7023367881774902,1,77
0.0,1.7023367881774902,1,78
0.0,1.7023367881774902,1,79
0.0,1.7023367881774902,1,80
0.0,1.7023367881774902,1,81
0.0,1.7023367881774902,1,82
0.0,1.7023367881774902,1,83
0.0,1.7023367881774902,1,84
0.0,1.7023367881774902,1,85
0.0,1.7023367881774902,1,86
0.0,1.7023367881774902,1,87
0.0,1.7023367881774902,1,88
0.0,1.7023367881774902,1,89
0.0,1.7023367881774902,1,90
0.0,1.7023367881774902,1,91
0.0,1.7023367881774902,1,92
0.0,1.7023367881774902,1,93
0.0,1.7023367881774902,1,94
0.0,1.7023367881774902,1,95
0.0,1.7023367881774902,1,96
0.0,1.7023367881774902,1,97
0.0,1.7023367881774902,1,98
0.0,1.7023367881774902,1,99
0.0,1.7023367881774902,1,100
0.0,1.7023367881774902,1,101
0.0,1.7023367881774902,1,102
0.0,1.7023367881774902,1,103
0.0,1.7023367881774902,1,104
0.0,1.7023367881774902,1,105
0.0,1.7023367881774902,1,106
0.0,1.7023367881774902,1,107
0.0,1.7023367881774902,1,108
0.0,1.7023367881774902,1,109
0.0,1.7023367881774902,1,110
0.0,1.7023367881774902,1,111
0.0,1.7023367881774902,1,112
0.0,1.7023367881774902,1,113
0.0,1.7023367881774902,1,114
0.0,1.7023367881774902,1,115
0.0,1.7023367881774902,1,116
0.0,1.7023367881774902,1,117
0.0,1.7023367881774902,1,118
0.0,1.7023367881774902,1,119
0.0,1.7023367881774902,1,120
0.0,1.7023367881774902,1,121
0.0,1.7023367881774902,1,122
0.0,1.7023367881774902,1,123
0.0,1.7023367881774902,1,124
0.0,1.7023367881774902,1,125
0.0,1.7023367881774902,1,126
0.0,1.7023367881774902,1,127
0.0,1.7023367881774902,1,128
0.0,1.7023367881774902,1,129
0.0,1.7023367881774902,1,130
0.0,1.7023367881774902,1,131
0.0,1.7023367881774902,1,132
0.0,1.7023367881774902,1,133
0.0,1.7023367881774902,1,134
0.0,1.7023367881774902,1,135
0.0,1.7023367881774902,1,136
0.0,1.7023367881774902,1,137
0.0,1.7023367881774902,1,138
0.0,1.7023367881774902,1,139
0.0,1.7023367881774902,1,140
0.0,1.7023367881774902,1,141
0.0,1.7023367881774902,1,142
0.0,1.7023367881774902,1,143
0.0,1.7023367881774902,1,144
0.0,1.7023367881774902,1,145
0.0,1.7023367881774902,1,146
0.0,1.7023367881774902,1,147
0.0,1.7023367881774902,1,148
0.0,1.7023367881774902,1,149
0.0,1.7023367881774902,1,150
0.0,1.7023367881774902,1,151
0.0,1.7023367881774902,1,152
0.0,1.7023367881774902,1,153
0.0,1.7023367881774902,1,154
0.0,1.7023367881774902,1,155
0.0,1.7023367881774902,1,156
0.0,1.7023367881774902,1,157
0.0,1.7023367881774902,1,158
0.0,1.7023367881774902,1,159
0.0,1.7023367881774902,1,160
0.0,1.7023367881774902,1,161
0.0,1.7023367881774902,1,162
0.0,1.7023367881774902,1,163
0.0,1.7023367881774902,1,164
0.0,1.7023367881774902,1,165
0.0,1.7023367881774902,1,166
0.0,1.7023367881774902,1,167
0.0,1.7023367881774902,1,168
0.0,1.7023367881774902,1,169
0.0,1.7023367881774902,1,170
0.0,1.7023367881774902,1,171
0.0,1.7023367881774902,1,172
0.0,1.7023367881774902,1,173
0.0,1.7023367881774902,1,174
0.0,1.7023367881774902,1,175
0.0,1.7023367881774902,1,176
0.0,1.7023367881774902,1,177
0.0,1.7023367881774902,1,178
0.0,1.7023367881774902,1,179
0.0,1.7023367881774902,1,180
0.0,1.7023367881774902,1,181
0.0,1.7023367881774902,1,182
0.0,1.7023367881774902,1,183
0.0,1.7023367881774902,1,184
0.0,1.7023367881774902,1,185
0.0,1.7023367881774902,1,186
0.0,1.7023367881774902,1,187
0.0,1.7023367881774902,1,188
0.0,1.7023367881774902,1,189
0.0,1.7023367881774902,1,190
0.0,1.7023367881774902,1,191
0.0,1.7023367881774902,1,192
0.0,1.7023367881774902,1,193
0.0,1.7023367881774902,1,194
0.0,1.7023367881774902,1,195
0.0,1.7023367881774902,1,196
0.0,1.7023367881774902,1,197
0.0,1.7023367881774902,1,198
0.0,1.7023367881774902,1,199
0.0,1.7023367881774902,1,200
0.0,1.7023367881774902,1,201
0.0,1.7023367881774902,1,202
0.0,1.7023367881774902,1,203
0.0,1.7023367881774902,1,204
0.0,1.7023367881774902,1,205
0.0,1.7023367881774902,1,206
0.0,1.7023367881774902,1,207
0.0,1.7023367881774902,1,208
0.0,1.7023367881774902,1,209
0.0,1.7023367881774902,1,210
0.0,1.7023367881774902,1,211
0.0,1.7023367881774902,1,212
0.0,1.7023367881774902,1,213
0.0,1.7023367881774902,1,214
0.0,1.7023367881774902,1,215
0.0,1.7023367881774902,1,216
0.0,1.7023367881774902,1,217
0.0,1.7023367881774902,1,218
0.0,1.7023367881774902,1,219
0.0,1.7023367881774902,1,220
0.0,1.7023367881774902,1,221
0.0,1.7023367881774902,1,222
0.0,1.7023367881774902,1,223
0.0,1.7023367881774902,1,224
0.0,1.7023367881774902,1,225
0.0,1.7023367881774902,1,226
0.0,1.7023367881774902,1,227
0.0,1.7023367881774902,1,228
0.0,1.7023367881774902,1,229
0.0,1.7023367881774902,1,230
0.0,1.7023367881774902,1,231
0.0,1.7023367881774902,1,232
0.0,1.7023367881774902,1,233
0.0,1.7023367881774902,1,234
0.0,1.7023367881774902,1,235
0.0,1.7023367881774902,1,236
0.0,1.7023367881774902,1,237
0.0,1.7023367881774902,1,238
0.0,1.7023367881774902,1,239
0.0,1.7023367881774902,1,240
0.0,1.7023367881774902,1,241
0.0,1.7023367881774902,1,242
0.0,1.7023367881774902,1,243
0.0,1.7023367881774902,1,244
0.0,1.7023367881774902,1,245
0.0,1.7023367881774902,1,246
0.0,1.7023367881774902,1,247
0.0,1.7023367881774902,1,248
0.0,1.7023367881774902,1,249
0.0,1.7023367881774902,1,250
0.0,1.7023367881774902,1,251
0.0,1.7023367881774902,1,252
0.0,1.7023367881774902,1,253
0.0,1.7023367881774902,1,254
0.0,1.7023367881774902,1,255
0.0,1.7023367881774902,1,256
0.0,1.7023367881774902,1,257
0.0,1.7023367881774902,1,258
0.0,1.7023367881774902,1,259
0.0,1.7023367881774902,1,260
0.0,1.7023367881774902,1,261
0.0,1.7023367881774902,1,262
0.0,1.7023367881774902,1,263
0.0,1.7023367881774902,1,264
0.0,1.7023367881774902,1,265
0.0,1.7023367881774902,1,266
0.0,1.7023367881774902,1,267
0.0,1.7023367881774902,1,268
0.0,1.7023367881774902,1,269
0.0,1.7023367881774902,1,270
0.0,1.7023367881774902,1,271
0.0,1.7023367881774902,1,272
0.0,1.7023367881774902,1,273
0.0,1.7023367881774902,1,274
0.0,1.7023367881774902,1,275
0.0,1.7023367881774902,1,276
0.0,1.7023367881774902,1,277
0.0,1.7023367881774902,1,278
0.0,1.7023367881774902,1,279
0.0,1.7023367881774902,1,280
0.0,1.7023367881774902,1,281
0.0,1.7023367881774902,1,282
0.0,1.7023367881774902,1,283
0.0,1.7023367881774902,1,284
0.0,1.7023367881774902,1,285
0.0,1.7023367881774902,1,286
0.0,1.7023367881774902,1,287
0.0,1.7023367881774902,1,288
0.0,1.7023367881774902,1,289
0.0,1.7023367881774902,1,290
0.0,1.7023367881774902,1,291
0.0,1.7023367881774902,1,292
0.0,1.7023367881774902,1,293
0.0,1.7023367881774902,1,294
0.0,1.7023367881774902,1,295
0.0,1.7023367881774902,1,296
0.0,1.7023367881774902,1,297
0.0,1.7023367881774902,1,298
0.0,1.7023367881774902,1,299
0.0,1.7023367881774902,1,300
0.0,1.7023367881774902,1,301
0.0,1.7023367881774902,1,302
0.0,1.7023367881774902,1,303
0.0,1.7023367881774902,1,304
0.0,1.7023367881774902,1,305
0.0,1.7023367881774902,1,306
0.0,1.7023367881774902,1,307
0.0,1.7023367881774902,1,308
0.0,1.7023367881774902,1,309
0.0,1.7023367881774902,1,310
0.0,1.7023367881774902,1,311
0.0,1.7023367881774902,1,312
0.0,1.7023367881774902,1,313
0.0,1.7023367881774902,1,314
0.0,1.7023367881774902,1,315
0.0,1.7023367881774902,1,316
0.0,1.7023367881774902,1,317
0.0,1.7023367881774902,1,318
0.0,1.7023367881774902,1,319
0.0,1.7023367881774902,1,320
0.0,1.7023367881774902,1,321
0.0,1.7023367881774902,1,322
0.0,1.7023367881774902,1,323
0.0,1.7023367881774902,1,324
0.0,1.7023367881774902,1,325
0.0,1.7023367881774902,1,326
0.0,1.7023367881774902,1,327
0.0,1.7023367881774902,1,328
0.0,1.7023367881774902,1,329
0.0,1.7023367881774902,1,330
0.0,1.7023367881774902,1,331
0.0,1.7023367881774902,1,332
0.0,1.7023367881774902,1,333
0.0,1.7023367881774902,1,334
0.0,1.7023367881774902,1,335
0.0,1.7023367881774902,1,336
0.0,1.7023367881774902,1,337
0.0,1.7023367881774902,1,338
0.0,1.7023367881774902,1,339
0.0,1.7023367881774902,1,340
0.0,1.7023367881774902,1,341
0.0,1.7023367881774902,1,342
0.0,1.7023367881774902,1,343
0.0,1.7023367881774902,1,344
0.0,1.7023367881774902,1,345
0.0,1.7023367881774902,1,346
0.0,1.7023367881774902,1,347
0.0,1.7023367881774902,1,348
0.0,1.7023367881774902,1,349
0.0,1.7023367881774902,1,350
0.0,1.7023367881774902,1,351
0.0,1.7023367881774902,1,352
0.0,1.7023367881774902,1,353
0.0,1.7023367881774902,1,354
0.0,1.7023367881774902,1,355
0.0,1.7023367881774902,1,356
0.0,1.7023367881774902,1,357
0.0,1.7023367881774902,1,358
0.0,1.7023367881774902,1,359
0.0,1.7023367881774902,1,360
0.0,1.7023367881774902,1,361
0.0,1.7023367881774902,1,362
0.0,1.7023367881774902,1,363
0.0,1.7023367881774902,1,364
0.0,1.7023367881774902,1,365
0.0,1.7023367881774902,1,366
0.0,1.7023367881774902,1,367
0.0,1.7023367881774902,1,368
0.0,1.7023367881774902,1,369
0.0,1.7023367881774902,1,370
0.0,1.7023367881774902,1,371
0.0,1.7023367881774902,1,372
0.0,1.7023367881774902,1,373
0.0,1.7023367881774902,1,374
0.0,1.7023367881774902,1,375
0.0,1.7023367881774902,1,376
0.0,1.7023367881774902,1,377
0.0,1.7023367881774902,1,378
0.0,1.7023367881774902,1,379
0.0,1.7023367881774902,1,380
0.0,1.7023367881774902,1,381
0.0,1.7023367881774902,1,382
0.0,1.7023367881774902,1,383
0.0,1.7023367881774902,1,384
0.0,1.7023367881774902,1,385
0.0,1.7023367881774902,1,386
0.0,1.7023367881774902,1,387
0.0,1.7023367881774902,1,388
0.0,1.7023367881774902,1,389
0.0,1.7023367881774902,1,390
0.0,1.7023367881774902,1,391
0.0,1.7023367881774902,1,392
0.0,1.7023367881774902,1,393
0.0,1.7023367881774902,1,394
0.0,1.7023367881774902,1,395
0.0,1.7023367881774902,1,396
0.0,1.7023367881774902,1,397
0.0,1.7023367881774902,1,398
0.0,1.7023367881774902,1,399
0.0,1.7023367881774902,1,400
